{
  "___settings": {
    "scripts": "\r\nL.Control.Button = L.Control.extend({\r\n  options: {\r\n    position: 'topright',           // 'topleft' | 'topright' | 'bottomleft' | 'bottomright'\r\n    className: 'leaflet-control-button',\r\n    title: 'Aktion ausführen',\r\n    text: '★',                      // oder html: '<svg>…</svg>'\r\n    html: null,\r\n    onClick: null                   // (ctx) => {}\r\n  },\r\n\r\n  onAdd(map) {\r\n    const container = L.DomUtil.create('div', `leaflet-bar ${this.options.className}`);\r\n    const link = L.DomUtil.create('a', '', container);\r\n\r\n    link.href = '#';\r\n    link.title = this.options.title || '';\r\n    link.setAttribute('role', 'button');\r\n    link.setAttribute('aria-label', this.options.title || this.options.text || 'Button');\r\n    link.innerHTML = this.options.html ?? this.options.text ?? '•';\r\n\r\n    // Map-Interaktionen unterbinden, damit nur der Button klickt\r\n    L.DomEvent.disableClickPropagation(container);\r\n    L.DomEvent.disableScrollPropagation(container);\r\n\r\n    // Click/Keyboard\r\n    const fire = () => {\r\n      // Nutzer-Callback\r\n      if (typeof this.options.onClick === 'function') {\r\n        this.options.onClick({ map, control: this, el: link });\r\n      }\r\n      // Optional ein Leaflet-Event auf der Map feuern\r\n      map.fire('buttoncontrol:click', { control: this });\r\n    };\r\n\r\n    L.DomEvent.on(link, 'click', (e) => { L.DomEvent.preventDefault(e); fire(); });\r\n    L.DomEvent.on(link, 'keydown', (e) => {\r\n      if (e.key === 'Enter' || e.key === ' ') { e.preventDefault(); fire(); }\r\n    });\r\n\r\n    this._link = link;\r\n    return container;\r\n  },\r\n\r\n  onRemove() {\r\n    // optional: Event-Listener entfernen, falls du dynamisch add/remove machst\r\n    if (this._link) {\r\n      L.DomEvent.off(this._link);\r\n      this._link = null;\r\n    }\r\n  }\r\n});\r\n\r\n// bequemer Factory-Helper\r\nL.control.button = function (opts) {\r\n  return new L.Control.Button(opts);\r\n};\r\n\r\n"
  },
  "test": {
    "settings": {
      "style": {},
      "theme": "redmond",
      "sizex": "",
      "sizey": "",
      "gridSize": "",
      "useBackground": false,
      "snapType": null
    },
    "widgets": {
      "w00001": {
        "tpl": "tplMapWidgetLeaflet",
        "data": {
          "g_fixed": false,
          "g_visibility": false,
          "g_css_font_text": false,
          "g_css_background": false,
          "g_css_shadow_padding": false,
          "g_css_border": false,
          "g_gestures": false,
          "g_signals": false,
          "g_last_change": false,
          "visibility-cond": "==",
          "visibility-val": 1,
          "visibility-groups-action": "hide",
          "signals-cond-0": "==",
          "signals-val-0": true,
          "signals-icon-0": "/vis/signals/lowbattery.png",
          "signals-icon-size-0": 0,
          "signals-blink-0": false,
          "signals-horz-0": 0,
          "signals-vert-0": 0,
          "signals-hide-edit-0": false,
          "signals-cond-1": "==",
          "signals-val-1": true,
          "signals-icon-1": "/vis/signals/lowbattery.png",
          "signals-icon-size-1": 0,
          "signals-blink-1": false,
          "signals-horz-1": 0,
          "signals-vert-1": 0,
          "signals-hide-edit-1": false,
          "signals-cond-2": "==",
          "signals-val-2": true,
          "signals-icon-2": "/vis/signals/lowbattery.png",
          "signals-icon-size-2": 0,
          "signals-blink-2": false,
          "signals-horz-2": 0,
          "signals-vert-2": 0,
          "signals-hide-edit-2": false,
          "lc-type": "last-change",
          "lc-is-interval": true,
          "lc-is-moment": false,
          "lc-format": "",
          "lc-position-vert": "top",
          "lc-position-horz": "right",
          "lc-offset-vert": 0,
          "lc-offset-horz": 0,
          "lc-font-size": "12px",
          "lc-font-family": "",
          "lc-font-style": "",
          "lc-bkg-color": "",
          "lc-color": "",
          "lc-border-width": "0",
          "lc-border-style": "",
          "lc-border-color": "",
          "lc-border-radius": 10,
          "lc-zindex": 0,
          "mapwidgets_oid": "0_userdata.0.leaflet",
          "mapwidgets_zoom": "10",
          "mapwidgets_lat": "50.18",
          "mapwidgets_lon": "8.69",
          "mapwidgets_expose": true
        },
        "style": {
          "left": "9px",
          "top": "7px",
          "width": "918px",
          "height": "557px"
        },
        "widgetSet": "mapwidgets"
      },
      "w00002": {
        "tpl": "tplHtml",
        "data": {
          "g_fixed": false,
          "g_visibility": false,
          "g_css_font_text": false,
          "g_css_background": false,
          "g_css_shadow_padding": false,
          "g_css_border": false,
          "g_gestures": false,
          "g_signals": false,
          "g_last_change": false,
          "visibility-cond": "==",
          "visibility-val": 1,
          "visibility-groups-action": "hide",
          "refreshInterval": "0",
          "signals-cond-0": "==",
          "signals-val-0": true,
          "signals-icon-0": "/vis/signals/lowbattery.png",
          "signals-icon-size-0": 0,
          "signals-blink-0": false,
          "signals-horz-0": 0,
          "signals-vert-0": 0,
          "signals-hide-edit-0": false,
          "signals-cond-1": "==",
          "signals-val-1": true,
          "signals-icon-1": "/vis/signals/lowbattery.png",
          "signals-icon-size-1": 0,
          "signals-blink-1": false,
          "signals-horz-1": 0,
          "signals-vert-1": 0,
          "signals-hide-edit-1": false,
          "signals-cond-2": "==",
          "signals-val-2": true,
          "signals-icon-2": "/vis/signals/lowbattery.png",
          "signals-icon-size-2": 0,
          "signals-blink-2": false,
          "signals-horz-2": 0,
          "signals-vert-2": 0,
          "signals-hide-edit-2": false,
          "lc-type": "last-change",
          "lc-is-interval": true,
          "lc-is-moment": false,
          "lc-format": "",
          "lc-position-vert": "top",
          "lc-position-horz": "right",
          "lc-offset-vert": 0,
          "lc-offset-horz": 0,
          "lc-font-size": "12px",
          "lc-font-family": "",
          "lc-font-style": "",
          "lc-bkg-color": "",
          "lc-color": "",
          "lc-border-width": "0",
          "lc-border-style": "",
          "lc-border-color": "",
          "lc-border-radius": 10,
          "lc-zindex": 0,
          "html": "Beispielskript für Extrabutton und FlyTo New York und Frankfurt<br>Hier im html-Element\n<script>\n\nwindow.iobroker.mapwidgets.waitForGlobal(\"iobroker.mapwidgets.w00001.map\", 200, 5000)\n.then((map) => {\n\n    const btn1 = L.control.button({\n        position: 'bottomright',\n        title: 'Marker setzen',\n        text: 'Go to New York',\n        onClick: ({\n            map\n        }) => {\n            map.flyTo([40.71, -74.01], 11, {\n                animate: true,\n                duration: 2 // Flugzeit in Sekunden\n            });\n        }\n    }).addTo(map);\n    const btn2 = L.control.button({\n        position: 'bottomright',\n        title: 'Marker setzen',\n        text: 'Go to Frankfurt',\n        onClick: ({\n            map\n        }) => {\n            map.flyTo([50.18, 8.69], 10, {\n                animate: true,\n                duration: 2 // Flugzeit in Sekunden\n            });\n        }\n    }).addTo(map);\n    \n\n})\n.catch((err) => console.error(err.message));\n\n\n</script>\n<style>\n.leaflet-bar.leaflet-control-button.leaflet-control  a{\n    padding: 5px;\n    width: 100px;\n}\n</style>"
        },
        "style": {
          "left": "467px",
          "top": "571px",
          "width": "456px",
          "height": "43px"
        },
        "widgetSet": "basic"
      }
    },
    "name": "test",
    "activeWidgets": [
      "w00002"
    ],
    "filterList": []
  }
}