{
  "___settings": {
    "scripts": "\nasync function load() {\n    try {\n        await window.iobroker.mapwidgets.loadCSS(\"https://unpkg.com/leaflet-control-geocoder/dist/Control.Geocoder.css\");\n        await window.iobroker.mapwidgets.loadScript(\"https://unpkg.com/leaflet-control-geocoder/dist/Control.Geocoder.js\");\n\n        let map = await window.iobroker.mapwidgets.waitForGlobal('iobroker.mapwidgets.w00001.map', 200, 5000);\n        new L.Control.Geocoder().addTo(map);\n    } catch (e) {\n        console.log(e.message);\n    }\n}\nload();"
  },
  "test": {
    "settings": {
      "style": {
        "background_class": ""
      },
      "theme": "redmond",
      "sizex": "",
      "sizey": "",
      "gridSize": "",
      "useBackground": false,
      "snapType": null
    },
    "widgets": {
      "w00001": {
        "tpl": "tplMapWidgetLeaflet",
        "data": {
          "g_fixed": false,
          "g_visibility": false,
          "g_css_font_text": false,
          "g_css_background": false,
          "g_css_shadow_padding": false,
          "g_css_border": false,
          "g_gestures": false,
          "g_signals": false,
          "g_last_change": false,
          "visibility-cond": "==",
          "visibility-val": 1,
          "visibility-groups-action": "hide",
          "signals-cond-0": "==",
          "signals-val-0": true,
          "signals-icon-0": "/vis/signals/lowbattery.png",
          "signals-icon-size-0": 0,
          "signals-blink-0": false,
          "signals-horz-0": 0,
          "signals-vert-0": 0,
          "signals-hide-edit-0": false,
          "signals-cond-1": "==",
          "signals-val-1": true,
          "signals-icon-1": "/vis/signals/lowbattery.png",
          "signals-icon-size-1": 0,
          "signals-blink-1": false,
          "signals-horz-1": 0,
          "signals-vert-1": 0,
          "signals-hide-edit-1": false,
          "signals-cond-2": "==",
          "signals-val-2": true,
          "signals-icon-2": "/vis/signals/lowbattery.png",
          "signals-icon-size-2": 0,
          "signals-blink-2": false,
          "signals-horz-2": 0,
          "signals-vert-2": 0,
          "signals-hide-edit-2": false,
          "lc-type": "last-change",
          "lc-is-interval": true,
          "lc-is-moment": false,
          "lc-format": "",
          "lc-position-vert": "top",
          "lc-position-horz": "right",
          "lc-offset-vert": 0,
          "lc-offset-horz": 0,
          "lc-font-size": "12px",
          "lc-font-family": "",
          "lc-font-style": "",
          "lc-bkg-color": "",
          "lc-color": "",
          "lc-border-width": "0",
          "lc-border-style": "",
          "lc-border-color": "",
          "lc-border-radius": 10,
          "lc-zindex": 0,
          "mapwidgets_expose": true
        },
        "style": {
          "left": "6px",
          "top": "5px",
          "width": "1030px",
          "height": "563px"
        },
        "widgetSet": "mapwidgets"
      }
    },
    "name": "test",
    "activeWidgets": [
      "w00001"
    ],
    "filterList": []
  }
}